mouse_code,date,performance,version,session_index
AKED07,22.02.24,0.551219512195122,V10C,1
AKED07,22.02.25,0.7520661157024794,V10C,2
AKED07,22.02.28,0.985781990521327,V10C,3
AKED07,22.03.01,0.37574750830564785,V21,4
AKED07,22.03.02,0.065,V21B,5
AKED07,22.03.03,0.13108614232209737,V21B,6
AKED07,22.03.04,0.5537234042553192,V21B,7
AKED07,22.03.07,0.35069637883008353,V21,8
AKED07,22.03.10,0.15708812260536398,V21B,9
AKED07,22.03.11,0.1752136752136752,V21B,10
AKED07,22.03.14,0.3852564102564102,V21,11
AKED07,22.03.15,0.3861538461538462,V21B,12
AKED07,22.03.16,0.46677115987460815,V21,13
AKED07,22.03.17,0.09216589861751152,V21B,14
AKED07,22.03.18,0.39065743944636677,V21,15
AKED07,22.03.21,0.1467065868263473,V21B,16
AKED07,22.03.22,0.417910447761194,V10C,17
APPPS1_1,22.03.10,0.6111111111111112,V10C,1
APPPS1_1,22.03.11,0.22388059701492538,V21,2
APPPS1_1,22.03.14,0.6540229885057471,V21B,3
APPPS1_1,22.03.15,0.1525,V21,4
APPPS1_1,22.03.16,0.3867924528301887,V21B,5
APPPS1_1,22.03.17,0.37786259541984735,V10C,6
APPPS1_1,22.03.18,0.8558558558558559,V10C,7
APPPS1_1,22.03.21,0.20930232558139536,V21,8
APPPS1_1,22.03.22,1.0075,V21B,9
APPPS1_1,22.03.24,0.685,V21,10
APPPS1_1,22.03.25,0.5547738693467337,V21B,11
APPPS1_1,22.03.28,0.8753424657534246,V21,12
APPPS1_1,22.03.29,0.8325,V21B,13
APPPS1_1,22.03.30,0.7488888888888889,V20,14
APPPS1_1,22.03.31,0.6000000000000001,V20B,15
APPPS1_1,22.04.01,0.9981941309255079,V20,16
APPPS1_1,22.04.04,0.8569037656903766,V20,17
APPPS1_1,22.04.04,1.0247011952191236,V20B,17
APPPS1_1,22.04.05,0.8777777777777778,V20,19
APPPS1_1,22.04.06,1.531111111111111,V20B,20
APPPS1_1,22.04.07,0.4653061224489796,V20,21
APPPS1_1,22.04.08,0.5886255924170616,V20B,22
APPPS1_1,22.04.11,1.2155555555555555,V20,23
APPPS1_1,22.04.12,1.391111111111111,V20B,24
APPPS1_1,22.04.14,1.1936936936936937,V20,25
APPPS1_1,22.04.15,1.0361386138613862,V20B,26
APPPS1_1,22.04.19,0.47250000000000003,V21B,27
APPPS1_1,22.04.20,1.089119170984456,V21,28
APPPS1_1,22.04.21,1.3085106382978724,V20B,29
APPPS1_1,22.04.22,1.06,V20,30
APPPS1_1,22.04.25,0.8933333333333333,V20B,31
APPPS1_1,22.04.26,0.9567656765676567,V20,32
APPPS1_1,22.04.27,0.8888888888888888,V20B,33
APPPS1_1,22.04.28,0.8392953929539295,V20B,34
APPPS1_1,22.04.29,1.1068557919621749,V20,35
APPPS1_1,22.05.02,0.9933333333333334,V23B,36
APPPS1_1,22.05.03,0.9281179138321995,V23,37
APPPS1_1,22.05.04,0.37777777777777777,V23B,38
APPPS1_1,22.05.05,1.2879518072289158,V23,39
APPPS1_1,22.05.06,1.2501291989664083,V23B,40
APPPS1_1,22.05.09,1.21824480369515,V23,41
APPPS1_1,22.05.16,1.365625,V23B,42
APPPS1_1,22.05.17,1.1306733167082295,V23,43
APPPS1_1,22.05.18,1.25,V23B,44
APPPS1_1,22.05.19,0.6715596330275229,V23,45
APPPS1_1,22.05.20,0.9666666666666667,V23,46
APPPS1_1,22.05.25,1.2022222222222223,V23,47
APPPS1_1,22.05.26,1.402222222222222,V23B,48
APPPS1_1,22.05.27,0.96657223796034,V23,49
APPPS1_1,22.05.30,1.180269058295964,V23,50
APPPS1_1,22.05.31,0.4189655172413793,V23B,51
APPPS1_1,22.06.01,1.0621621621621622,V23,52
APPPS1_1,22.06.02,1.0533333333333332,V23B,53
APPPS1_1,22.06.06,1.1933333333333334,V23B,54
APPPS1_1,22.06.07,0.4422222222222222,V23,55
APPPS1_1,22.06.09,0.4488888888888889,V23,56
APPPS1_1,22.06.10,0.32666666666666666,V23B,57
APPPS1_1,22.06.13,1.3824999999999998,V21,58
APPPS1_1,22.06.15,1.1247422680412371,V23,59
APPPS1_1,22.06.16,1.2355555555555555,V23B,60
APPPS1_1,22.06.17,1.271117166212534,V23,61
APPPS1_1,22.06.28,1.0125748502994012,V23B,62
APPPS1_1,22.06.29,1.1659574468085108,V23,63
APPPS1_1,22.06.30,1.3688888888888888,V23B,64
APPPS1_1,22.07.01,1.2533333333333334,V23,65
APPPS1_1,22.07.04,1.2311111111111113,V23B,66
APPPS1_1,22.07.05,1.3031319910514543,V23,67
APPPS1_1,22.07.06,1.1667731629392972,V23B,68
APPPS1_1,22.07.07,1.1977777777777778,V23,69
APPPS1_1,22.07.12,1.1400000000000001,V23,70
APPPS1_1,22.07.13,1.1232876712328768,V23B,71
APPPS1_1,22.07.14,1.122689075630252,V23,72
APPPS1_1,22.07.18,0.7864864864864864,V23B,73
APPPS1_1,22.07.20,1.0760736196319018,V23,74
APPPS1_1,22.07.25,1.0666666666666667,V23,75
APPPS1_1,22.07.26,0.14027149321266968,V23B,76
APPPS1_1,22.07.27,1.1142857142857143,V20,77
APPPS1_1,22.07.28,1.0307277628032345,V23,78
APPPS1_1,22.07.29,1.1822222222222223,V23,79
APPPS1_1,22.08.01,0.0022222222222222222,V20,80
APPPS1_1,22.08.01,0.8311111111111111,V20B,80
APPPS1_1,22.08.02,0.788888888888889,V23,82
APPPS1_1,22.08.03,0.7762711864406779,V23,83
APPPS1_1,22.08.08,0.38888888888888884,V23,84
APPPS1_1,22.08.09,0.8240274599542334,V23,85
APPPS1_1,22.08.10,0.8170842824601368,V23B,86
APPPS1_1,22.08.11,0.47050359712230216,V20B,87
APPPS1_1,22.08.12,0.6511111111111112,V20B,88
APPPS1_1,22.08.15,0.9966850828729282,V20,89
APPPS1_1,22.08.16,1.0044444444444445,V20B,90
APPPS1_1,22.08.17,0.9552884615384616,V20,91
APPPS1_1,22.08.18,1.1084282460136674,V20B,92
APPPS1_1,22.08.19,0.8422222222222222,V20,93
APPPS1_1,22.08.22,0.5222222222222223,V20,94
APPPS1_1,22.08.23,0.6550408719346049,V23B,95
APPPS1_1,22.08.24,0.8200000000000001,V23,96
APPPS1_4,22.03.10,0.5895522388059702,V10C,1
APPPS1_4,22.03.11,0.48739495798319327,V21,2
APPPS1_4,22.03.14,0.48750000000000004,V21B,3
APPPS1_4,22.03.15,0.48275862068965514,V21,4
APPPS1_4,22.03.16,0.13978494623655913,V21B,5
APPPS1_4,22.03.17,0.8647798742138365,V10C,6
APPPS1_4,22.03.18,0.8085106382978723,V10C,7
APPPS1_4,22.03.21,0.315,V21,8
APPPS1_4,22.03.22,0.5150943396226415,V21B,9
APPPS1_4,22.03.24,0.3254901960784314,V21,10
APPPS1_4,22.03.25,0.6840277777777778,V10C,11
APPPS1_4,22.03.28,0.44499999999999995,V21,12
APPPS1_4,22.03.29,0.71985559566787,V21B,13
APPPS1_4,22.03.30,0.8825000000000001,V21,14
APPPS1_4,22.03.31,0.43500000000000005,V21B,15
APPPS1_4,22.04.01,0.47257383966244726,V21,16
APPPS1_4,22.04.01,0.09134615384615384,V21B,16
APPPS1_5,22.03.10,0.8151515151515152,V10C,1
APPPS1_5,22.03.11,0.46484375,V21,2
APPPS1_5,22.03.14,0.7775,V21B,3
APPPS1_5,22.03.15,0.450974930362117,V21,4
APPPS1_5,22.03.16,0.4067092651757188,V21B,5
APPPS1_5,22.03.17,0.9230769230769231,V10C,6
APPPS1_5,22.03.18,0.7627627627627628,V10C,7
APPPS1_5,22.03.21,0.6799999999999999,V21,8
APPPS1_5,22.03.22,0.410880829015544,V21B,9
APPPS1_5,22.03.24,0.2987012987012987,V21,10
APPPS1_5,22.03.25,0.81,V21B,11
APPPS1_5,22.03.28,0.7875000000000001,V21,12
APPPS1_5,22.03.29,0.8725,V21B,13
APPPS1_5,22.03.30,0.8428571428571427,V21,14
APPPS1_5,22.03.31,0.1232876712328767,V21B,15
APPPS1_5,22.04.01,0.4325,V21,16
JGED01,22.02.25,0.8333333333333334,V10C,1
JGED01,22.02.28,0.8980044345898004,V10C,2
JGED01,22.03.01,0.40249999999999997,V21,3
JGED01,22.03.02,0.13,V21B,4
JGED01,22.03.03,0.595,V21B,5
JGED01,22.03.04,0.5975,V21,6
JGED01,22.03.07,0.7951456310679612,V21B,7
JGED01,22.03.10,1.1225,V21,8
JGED01,22.03.11,1.0960227272727274,V20,9
JGED01,22.03.14,0.37111111111111117,V20B,10
JGED01,22.03.15,1.1863270777479893,V21,11
JGED01,22.03.16,0.37777777777777777,V20,12
JGED01,22.03.17,0.8263157894736841,V20B,13
JGED01,22.03.18,1.0525,V20,14
JGED01,22.03.21,0.692326139088729,V20B,15
JGED01,22.03.22,0.4609865470852018,V20,16
JGED01,22.03.24,0.6422222222222222,V20B,17
JGED01,22.03.25,1.0269035532994923,V21,18
JGED01,22.03.28,1.0043360433604336,V20,19
JGED01,22.03.29,0.8177777777777777,V20B,20
JGED01,22.03.30,1.0712328767123287,V20,21
JGED01,22.03.31,1.0545893719806765,V17,22
JGED01,22.04.01,1.2333333333333334,V17B,23
JGED01,22.04.04,0.6622222222222223,V17,24
JGED01,22.04.05,0.9743707093821511,V17B,25
JGED01,22.04.06,0.762085308056872,V17,26
JGED01,22.04.07,1.0533333333333332,V17B,27
JGED01,22.04.08,0.7267857142857144,V20,28
JGED01,22.04.11,0.3676767676767677,V20B,29
JGED01,22.04.12,0.9924999999999999,V21,30
JGED01,22.04.14,0.6775,V21B,31
JGED01,22.04.15,0.8755555555555556,V20,32
JGED01,22.04.19,0.8051282051282052,V20B,33
JGED01,22.04.20,1.0925,V21,34
JGED01,22.04.21,1.13,V21B,35
JGED01,22.04.22,0.37302631578947365,V20,36
JGED01,22.04.25,1.0334963325183375,V20B,37
JGED01,22.04.26,1.04,V20,38
JGED01,22.04.27,1.0258351893095767,V20B,39
JGED01,22.04.28,0.7522388059701492,V17B,40
JGED01,22.04.29,0.9466666666666667,V23,41
JGED01,22.05.02,1.0422222222222222,V23,42
JGED01,22.05.03,1.08997668997669,V23B,43
JGED01,22.05.04,0.9803652968036529,V23,44
JGED01,22.05.06,0.7755555555555556,V23B,45
JGED01,22.05.09,1.0466666666666666,V23,46
JGED01,22.05.16,0.5733333333333334,V23,47
JGED01,22.05.17,1.033245382585752,V23,48
JGED01,22.05.18,1.1377777777777778,V23,49
JGED01,22.05.19,0.9355555555555556,V23B,50
JGED01,22.05.20,0.8133333333333334,V23,51
JGED01,22.05.25,1.0836461126005363,V23,52
JGED01,22.05.26,1.1,V23B,53
JGED01,22.05.27,1.0040816326530613,V23,54
JGED01,22.05.30,1.088888888888889,V23,55
JGED01,22.05.31,1.1317073170731708,V23B,56
JGED01,22.06.01,0.6598705501618123,V23,57
JGED01,22.06.02,1.1644444444444444,V23B,58
JGED01,22.06.06,0.78,V23B,59
JGED01,22.06.07,0.5733333333333334,V23,60
JGED01,22.06.09,0.9088888888888889,V23,61
JGED01,22.06.13,0.97601246105919,V23B,62
JGED01,22.06.15,0.933423180592992,V23,63
JGED01,22.06.16,0.4866666666666667,V23B,64
JGED01,22.06.17,0.9955555555555555,V23,65
JGED01,22.06.28,0.8400000000000001,V23B,66
JGED01,22.06.29,1.1404494382022472,V23,67
JGED01,22.06.30,0.8377777777777777,V23B,68
JGED01,22.07.01,1.1155555555555554,V23,69
JGED01,22.07.04,0.92,V23B,70
JGED01,22.07.05,0.41346153846153844,V23,71
JGED01,22.07.06,0.8977777777777778,V23B,72
JGED01,22.07.07,0.7811688311688312,V23,73
JGED01,22.07.12,1.2914110429447851,V23,74
JGED01,22.07.13,0.955440414507772,V23B,75
JGED01,22.07.14,0.890677966101695,V23,76
JGED01,22.07.14,0.6085324232081911,V23B,76
JGED01,22.07.18,0.6856321839080459,V23B,78
JGED01,22.07.20,1.1533333333333333,V23,79
JGED01,22.07.25,1.0711111111111111,V23,80
JGED01,22.07.27,1.0822222222222222,V23B,81
JGED01,22.07.28,0.9888888888888889,V23,82
JGED01,22.08.01,1.1699316628701595,V20B,83
JGED01,22.08.02,0.9733333333333334,V23,84
JGED01,22.08.03,1.0592592592592593,V23B,85
JGED01,22.08.09,1.0986607142857143,V23,86
JGED01,22.08.10,1.0222222222222221,V23B,87
JGED01,22.08.11,0.9221719457013575,V23B,88
JGED01,22.08.12,1.1466666666666665,V20,89
JGED01,22.08.15,0.8666666666666667,V20B,90
JGED01,22.08.16,1.0047970479704798,V20,91
JGED01,22.08.17,0.5955555555555556,V20B,92
JGED01,22.08.18,1.1175000000000002,V20,93
JGED01,22.08.19,0.25954415954415955,V20B,94
JGED01,22.08.24,1.1044444444444443,V23,95
JGED03,22.01.18,0.6510538641686182,V10C,1
JGED03,22.01.19,0.7510548523206751,V10C,2
JGED03,22.01.20,0.5325670498084292,V10C,3
JGED03,22.01.21,0.8098159509202454,V10C,4
JGED03,22.01.24,0.8855421686746988,V10C,5
JGED03,22.01.25,0.8986013986013986,V10C,6
JGED03,22.01.26,0.6826568265682657,V10C,7
JGED03,22.01.27,0.8670520231213873,V10C,8
JGED03,22.01.28,0.5877437325905293,V10C,9
JGED03,22.01.31,0.9129213483146067,V10C,10
JGED03,22.02.01,0.34361948955916477,V17,11
JGED03,22.02.02,0.5733333333333334,V17B,12
JGED03,22.02.03,0.4555555555555556,V17,13
JGED03,22.02.04,0.4222222222222223,V17,14
JGED03,22.02.07,1.0,V21B,15
JGED03,22.02.08,1.0061855670103093,V21B,16
JGED03,22.02.10,1.08,V21,17
JGED03,22.02.11,0.5886010362694301,V17,18
JGED03,22.02.14,0.8240963855421686,V20,19
JGED03,22.02.15,0.37077747989276144,V20B,20
JGED03,22.02.16,0.4311111111111111,V20B,21
JGED03,22.02.17,0.5761904761904761,V20B,22
JGED03,22.02.21,0.8666666666666667,V21,23
JGED03,22.02.22,0.6850299401197605,V17,24
JGED03,22.02.23,0.5888888888888889,V17B,25
JGED03,22.02.24,0.6298013245033113,V21,26
JGED03,22.02.25,0.7614035087719297,V21,27
JGED03,22.02.28,0.8291390728476822,V21,28
JGED03,22.03.01,0.7343675417661097,V20,29
JGED03,22.03.02,1.0358024691358025,V20B,30
JGED03,22.03.03,1.0140350877192983,V20,31
JGED03,22.03.04,1.1615176151761517,V17,32
JGED03,22.03.07,0.909452736318408,V17B,33
JGED03,22.03.10,1.3639798488664987,V20,34
JGED03,22.03.11,1.1508997429305912,V17,35
JGED03,22.03.14,1.162295081967213,V17B,36
JGED03,22.03.15,0.8706666666666667,V17,37
JGED03,22.03.16,1.26,V17B,38
JGED03,22.03.17,1.2311827956989247,V17B,39
JGED03,22.03.18,1.0422222222222222,V17,40
JGED03,22.03.21,0.7728155339805824,V17B,41
JGED03,22.03.22,0.64,V17,42
JGED03,22.03.24,0.4955555555555555,V17B,43
JGED03,22.03.25,0.8335120643431635,V20,44
JGED03,22.03.28,1.2461139896373057,V20B,45
JGED03,22.03.29,0.9860349127182045,V17,46
JGED03,22.03.30,0.5974683544303798,V17B,47
JGED03,22.03.31,0.8022222222222222,V20,48
JGED03,22.04.01,0.9693227091633465,V20B,49
JGED03,22.04.04,1.2184143222506394,V20B,50
JGED03,22.04.05,0.9755555555555555,V20,51
JGED03,22.04.06,0.8244444444444445,V20B,52
JGED03,22.04.07,1.4555555555555555,V20,53
JGED03,22.04.08,0.72,V17,54
JGED03,22.04.11,1.0644444444444443,V17,55
JGED03,22.04.12,1.1222222222222222,V20B,56
JGED03,22.04.14,0.9788154897494306,V20B,57
JGED03,22.04.15,1.2222222222222223,V20B,58
JGED03,22.04.19,0.9438356164383561,V20B,59
JGED03,22.04.20,0.74,V20,60
JGED03,22.04.21,1.1325,V21B,61
JGED03,22.04.22,0.4140794223826715,V20,62
JGED03,22.04.25,0.8809523809523809,V20B,63
JGED03,22.04.26,1.1222222222222222,V20,64
JGED03,22.04.27,1.227488151658768,V20B,65
JGED03,22.04.28,1.1161125319693095,V23B,66
JGED03,22.04.29,0.4666666666666667,V23B,67
JGED03,22.05.02,0.6402843601895735,V23,68
JGED03,22.05.02,1.0476923076923077,V23B,68
JGED03,22.05.03,0.5316953316953317,V23B,70
JGED03,22.05.04,0.7634146341463415,V23B,71
JGED03,22.05.06,1.15,V23,72
JGED03,22.05.09,1.1932367149758454,V23B,73
JGED03,22.05.16,1.38,V23,74
JGED03,22.05.17,1.307070707070707,V23B,75
JGED03,22.05.18,1.2346456692913386,V23,76
JGED03,22.05.19,1.1361858190709047,V23B,77
JGED03,22.05.20,1.3355555555555556,V23,78
JGED03,22.05.25,1.1688888888888889,V23,79
JGED03,22.05.26,1.38,V23B,80
JGED03,22.05.27,0.9332179930795848,V23,81
JGED03,22.05.30,1.2577777777777777,V23,82
JGED03,22.05.31,1.2177777777777776,V23,83
JGED03,22.06.01,1.4307692307692308,V23B,84
JGED03,22.06.02,1.0244444444444445,V23B,85
JGED03,22.06.06,1.2888888888888888,V23B,86
JGED03,22.06.07,1.1577777777777778,V23,87
JGED03,22.06.09,0.9622222222222222,V23,88
JGED03,22.06.13,1.3199999999999998,V23B,89
JGED03,22.06.15,1.3150851581508516,V23,90
JGED03,22.06.16,1.2036175710594317,V23B,91
JGED03,22.06.17,1.06,V23,92
JGED03,22.06.28,0.8488888888888888,V23B,93
JGED03,22.06.29,1.2444444444444445,V23,94
JGED03,22.06.30,1.2213541666666665,V23B,95
JGED03,22.07.01,1.3199999999999998,V23,96
JGED03,22.07.04,0.7866666666666666,V23B,97
JGED03,22.07.05,1.3822222222222222,V23,98
JGED03,22.07.06,1.1627634660421546,V23B,99
JGED03,22.07.07,0.47614678899082574,V23,100
JGED03,22.07.12,0.7755555555555556,V23,101
JGED03,22.07.13,1.468888888888889,V23B,102
JGED03,22.07.14,1.1756756756756757,V23,103
JGED03,22.07.18,1.2372448979591837,V23B,104
JGED03,22.07.20,1.1,V23,105
JGED03,22.07.25,1.26,V23,106
JGED03,22.07.27,1.2422222222222223,V23B,107
JGED03,22.07.28,0.9167400881057268,V23,108
JGED03,22.08.01,0.5822222222222222,V23,109
JGED03,22.08.02,0.7022222222222223,V23B,110
JGED03,22.08.03,0.8066666666666666,V23B,111
JGED03,22.08.09,0.5688888888888889,V23,112
JGED03,22.08.10,1.1977777777777778,V20B,113
JGED03,22.08.11,1.1400000000000001,V20,114
JGED03,22.08.12,0.5933333333333333,V20B,115
JGED03,22.08.15,0.5311111111111111,V20,116
JGED03,22.08.16,1.3977777777777778,V20B,117
JGED03,22.08.17,0.31103117505995204,V23,118
JGED03,22.08.19,1.1866666666666665,V23,119
JGED03,22.08.22,1.0955555555555554,V20,120
JGED03,22.08.23,1.1377777777777778,V20B,121
JGED03,22.08.24,0.2644444444444445,V20,122
JGED04,22.01.18,0.7953367875647669,V10C,1
JGED04,22.01.20,0.7777777777777778,V10C,2
JGED04,22.01.21,0.755700325732899,V10C,3
JGED04,22.01.24,0.7719298245614035,V10C,4
JGED04,22.01.25,0.8208333333333333,V10C,5
JGED04,22.01.26,0.9305993690851735,V10C,6
JGED04,22.01.27,0.842809364548495,V10C,7
JGED04,22.01.28,0.7543859649122807,V10C,8
JGED04,22.01.31,0.8973684210526316,V10C,9
JGED04,22.02.01,0.47810945273631844,V17,10
JGED04,22.02.02,0.5244444444444445,V17B,11
JGED04,22.02.03,0.6547872340425531,V17,12
JGED04,22.02.04,0.339247311827957,V17,13
JGED04,22.02.07,0.12053571428571429,V21B,14
JGED04,22.02.08,0.46024844720496894,V21B,15
JGED04,22.02.10,0.6777777777777778,V21,16
JGED04,22.02.11,0.5822525597269625,V17,17
JGED04,22.02.14,0.7244956772334294,V20,18
JGED04,22.02.15,0.8422222222222222,V20B,19
JGED04,22.02.16,0.18,V20B,20
JGED04,22.02.17,0.8190217391304349,V20,21
JGED04,22.02.21,1.2069620253164557,V21,22
JGED04,22.02.23,0.5592233009708738,V17B,23
JGED04,22.02.24,0.2145922746781116,V21,24
JGED04,22.02.25,0.5310580204778157,V21,25
JGED04,22.02.28,0.9939890710382513,V21,26
JGED04,22.03.01,0.8437908496732027,V20,27
JGED04,22.03.02,0.7431486880466472,V20B,28
JGED04,22.03.03,0.7780058651026394,V20,29
JGED04,22.03.04,0.8031250000000001,V17,30
JGED04,22.03.07,0.42121212121212126,V17B,31
JGED04,22.03.10,0.4341836734693878,V20,32
JGED04,22.03.11,0.4928571428571429,V20B,33
JGED04,22.03.14,1.02,V21,34
JGED04,22.03.15,0.7348958333333333,V20,35
JGED04,22.03.16,0.5569405099150142,V20B,36
JGED04,22.03.17,0.7657492354740061,V20,37
JGED04,22.03.18,0.12225705329153605,V20B,38
JGED04,22.03.21,0.6270833333333333,V20,39
JGED04,22.03.22,0.5816568047337278,V20B,40
JGED04,22.03.24,0.4861892583120204,V21,41
JGED04,22.03.25,0.5325,V21B,42
JGED04,22.03.28,0.4425,V21,43
JGED04,22.03.29,1.0794117647058825,V21B,44
JGED04,22.03.30,0.39836065573770496,V21,45
JGED04,22.03.31,0.445565749235474,V21,46
JGED07,22.04.07,0.8291139240506329,V10C,1
JGED07,22.04.08,0.8722044728434505,V10C,2
JGED07,22.04.11,0.8176100628930818,V10C,3
JGED07,22.04.12,0.6034985422740525,V10C,4
JGED07,22.04.14,0.6517509727626459,V10C,5
JGED07,22.04.15,0.5103448275862069,V10C,6
JGED07,22.04.19,0.6541666666666667,V10C,7
JGED07,22.04.20,0.48655256723716384,V10C,8
JGED07,22.04.21,0.914004914004914,V10C,9
JGED07,22.04.22,0.41081081081081083,V21B,10
JGED07,22.04.25,0.276678445229682,V21,11
JGED07,22.04.26,0.3730375426621161,V21B,12
JGED07,22.04.27,0.5800000000000001,V21,13
JGED07,22.04.28,0.49,V21B,14
JGED07,22.04.29,0.31054131054131057,V21,15
JGED07,22.05.02,0.9039735099337748,V10C,16
JGED07,22.05.02,0.24013157894736842,V21,16
JGED07,22.05.03,0.9892183288409704,V10C,18
JGED07,22.05.04,0.5125,V21,19
JGED07,22.05.05,0.6301369863013699,V21B,20
JGED07,22.05.06,0.0825,V21,21
JGED07,22.05.09,0.14,V21,22
JGED07,22.05.16,0.5,V21,23
JGED07,22.05.17,0.38242074927953895,V21B,24
JGED07,22.05.18,0.0748663101604278,V21,25
JGED07,22.05.20,0.04,V21,26
JGED08,22.02.07,1.0,V21B,1
JGED08,22.02.08,1.0061855670103093,V21B,2
JGED08,22.02.10,1.08,V21,3
JGED08,22.02.14,0.8240963855421686,V20,4
JGED08,22.02.21,0.8666666666666667,V21,5
JGED08,22.02.24,0.6298013245033113,V21,6
JGED08,22.02.25,0.7614035087719297,V21,7
JGED08,22.02.28,0.8291390728476822,V21,8
JGED08,22.03.01,0.7343675417661097,V20,9
JGED08,22.03.03,1.0140350877192983,V20,10
JGED08,22.03.10,1.3639798488664987,V20,11
JGED08,22.03.25,0.8335120643431635,V20,12
JGED08,22.03.31,0.8022222222222222,V20,13
JGED08,22.04.05,0.9755555555555555,V20,14
JGED08,22.04.07,1.4555555555555555,V20,15
JGED08,22.04.08,0.655440414507772,V10C,16
JGED08,22.04.11,0.8795180722891566,V10C,17
JGED08,22.04.12,0.9112426035502958,V10C,18
JGED08,22.04.14,0.48250000000000004,V21B,19
JGED08,22.04.15,0.5585365853658537,V21,20
JGED08,22.04.19,0.6512968299711815,V10C,21
JGED08,22.04.20,0.74,V20,22
JGED08,22.04.20,0.8,V21,22
JGED08,22.04.22,0.4140794223826715,V20,24
JGED08,22.04.22,1.0425,V21,24
JGED08,22.04.25,0.7091575091575091,V21B,26
JGED08,22.04.26,1.1222222222222222,V20,27
JGED08,22.04.26,0.9650000000000001,V21,27
JGED08,22.04.27,0.5024390243902439,V21B,29
JGED08,22.04.28,0.475,V21B,30
JGED08,22.04.28,1.1161125319693095,V23B,30
JGED08,22.04.29,0.9025,V21,32
JGED08,22.04.29,0.4666666666666667,V23B,32
JGED08,22.05.02,1.24,V21B,35
JGED08,22.05.02,0.6402843601895735,V23,35
JGED08,22.05.02,1.0476923076923077,V23B,35
JGED08,22.05.03,1.1,V21,37
JGED08,22.05.03,0.5316953316953317,V23B,37
JGED08,22.05.04,0.8488888888888888,V20B,39
JGED08,22.05.05,0.6377777777777778,V20,40
JGED08,22.05.06,0.47122969837587003,V20,41
JGED08,22.05.09,0.98,V20B,42
JGED08,22.05.16,1.0924882629107981,V20,43
JGED08,22.05.17,0.4688888888888889,V20B,44
JGED08,22.05.18,1.1240437158469945,V20,45
JGED08,22.05.19,1.2311111111111113,V20B,46
JGED08,22.05.20,0.3088888888888889,V20,47
JGED08,22.05.26,0.9600000000000001,V20,48
JGED08,22.05.27,0.6565217391304348,V20B,49
JGED08,22.05.30,0.991111111111111,V20B,50
JGED08,22.06.02,0.33555555555555555,V20,51
JGED08,22.06.07,0.3192982456140351,V21,52
JGED08,22.06.09,1.0550000000000002,V21,53
JGED08,22.06.10,0.5735955056179776,V21B,54
JGED08,22.06.13,1.095,V21,55
JGED08,22.06.15,1.0940509915014165,V23,56
JGED08,22.06.16,1.0222222222222221,V23B,57
JGED08,22.06.17,0.17938931297709923,V23,58
JGED22,22.06.30,0.8872727272727273,V10C,1
JGED22,22.07.01,0.21390374331550802,V20B,2
JGED22,22.07.04,0.7822222222222222,V20,3
JGED22,22.07.05,0.48888888888888893,V20B,4
JGED22,22.07.06,0.6022222222222222,V20,5
JGED22,22.07.07,0.6988269794721407,V20,6
JGED22,22.07.12,0.6222222222222222,V20,7
JGED22,22.07.13,0.8711111111111112,V20B,8
JGED22,22.07.14,0.9955555555555555,V20,9
JGED22,22.07.18,1.2526315789473683,V20B,10
JGED22,22.07.20,0.9292620865139949,V23,11
JGED22,22.07.25,0.6244444444444445,V23,12
JGED22,22.07.27,0.5634146341463415,V20,13
JGED22,22.07.27,0.9105263157894736,V20B,13
JGED22,22.07.28,1.1733333333333333,V20B,15
JGED22,22.07.29,0.8155555555555556,V20,16
JGED22,22.08.01,1.180952380952381,V20B,17
JGED22,22.08.02,0.7177777777777778,V23,18
JGED22,22.08.03,0.6177777777777778,V23,19
JGED22,22.08.08,0.4309692671394799,V23,20
JGED22,22.08.09,0.8999999999999999,V23B,21
JGED22,22.08.10,1.0244444444444445,V23,22
JGED22,22.08.11,1.0266666666666666,V23B,23
JGED22,22.08.12,1.3072562358276643,V23,24
JGED22,22.08.15,0.4142857142857143,V23B,25
JGED22,22.08.16,1.064367816091954,V23B,26
JGED22,22.08.17,1.1155555555555554,V23,27
JGED22,22.08.18,0.40886075949367084,V23B,28
JGED22,22.08.19,1.1333333333333333,V23,29
JGED22,22.08.22,1.3422222222222222,V23,30
JGED22,22.08.23,1.3333333333333335,V23B,31
JGED22,22.08.24,1.3797752808988764,V23B,32
JGED23,22.08.09,0.5642023346303502,V10C,1
JGED23,22.08.10,0.6694915254237288,V10C,2
JGED23,22.08.11,0.6968085106382979,V10C,3
JGED23,22.08.12,0.8583690987124464,V10C,4
JGED23,22.08.15,0.7616099071207431,V10C,5
JGED23,22.08.16,0.8920634920634921,V10C,6
JGED23,22.08.17,0.16666666666666666,V20,7
JGED23,22.08.18,0.5209183673469387,V21B,8
JGED23,22.08.19,0.215,V21,9
JGED23,22.08.22,0.5125,V21,10
JGED23,22.08.23,0.6025,V21B,11
JGED23,22.08.24,0.5359375,V21,12
JGED23,22.08.25,0.4561643835616438,V21B,13
JGED23,22.08.26,0.7749999999999999,V21,14
JGED24,22.08.09,0.49696969696969695,V10C,1
JGED24,22.08.10,0.6810344827586207,V10C,2
JGED24,22.08.11,0.70917225950783,V10C,3
JGED24,22.08.12,0.7525773195876289,V10C,4
JGED24,22.08.15,0.7920353982300885,V10C,5
JGED24,22.08.16,0.8974358974358975,V10C,6
JGED24,22.08.17,0.49750000000000005,V21,7
JGED24,22.08.18,0.4175,V21B,8
JGED24,22.08.19,0.5325,V21,9
JGED24,22.08.22,0.5900000000000001,V21,10
JGED24,22.08.23,0.3425,V21B,11
JGED24,22.08.24,0.17894736842105263,V21,12
JGED24,22.08.25,0.6512534818941504,V21,13
JGED24,22.08.26,0.5,V21B,14
